ID,Target Pressure (bar)
0,0.2381505
1,0.23760033
2,0.24701887
3,0.20104015
4,0.21022217
5,0.21726295
6,0.12982151
7,0.13950408
8,0.154779
9,2.1663501
10,1.8134382
11,1.6750562
12,2.3009706
13,2.086738
14,1.8839469
15,1.0901977
16,1.1063366
17,1.0674955
18,0.83489764
19,0.849089
20,0.81878424
21,0.5410684
22,0.5455279
23,0.485489
24,0.38526294
25,0.3778848
26,0.36227408
27,0.09990859
28,0.07992086
29,0.07549271
30,0.06897831
31,0.05986011
32,0.044297636
33,0.04730487
34,0.04738608
35,0.037414968
36,0.54820293
37,0.34503385
38,0.20283426
39,0.8182814
40,0.39923725
41,0.18654618
42,0.42447364
43,0.18664923
44,0.13404816
45,0.31408042
46,0.18412355
47,0.13666967
48,0.10730046
49,0.10033625
50,0.043543637
51,0.14249827
52,0.10084206
53,0.03663957
54,0.17395887
55,0.17288256
56,0.17780754
57,0.1499178
58,0.16607283
59,0.16794896
60,0.12051289
61,0.1527375
62,0.16179632
63,1.4087081
64,1.1702762
65,0.6366496
66,1.1320957
67,1.030999
68,0.5824344
69,0.9041013
70,0.82990015
71,0.50008345
72,0.67722
73,0.63484865
74,0.34332913
75,0.24212746
76,0.20014608
77,0.18188155
78,0.29896742
79,0.29525688
80,0.21027407
81,0.11852229
82,0.11469191
83,0.123520866
84,0.05594802
85,0.055135906
86,0.05410844
87,0.037306666
88,0.043298542
89,0.045378447
90,0.5151596
91,0.44639683
92,0.39658844
93,0.41243708
94,0.34996164
95,0.26649058
96,0.2317975
97,0.20544681
98,0.17454012
99,0.3121535
100,0.2958311
101,0.2772692
102,0.19165584
103,0.1434671
104,0.08180696
105,0.07720095
106,0.070518196
107,0.05412969
108,0.22586456
109,0.26981783
110,0.26975405
111,0.16657896
112,0.17433219
113,0.18071198
114,0.09774697
115,0.119993895
116,0.12582618
117,1.7774396
118,1.555135
119,0.99314374
120,1.2673097
121,1.1411476
122,0.8904348
123,0.7312162
124,0.7519764
125,0.5943645
126,0.82067204
127,0.80040324
128,0.54262066
129,0.34562224
130,0.29024646
131,0.21360365
132,0.2557211
133,0.26407915
134,0.22707683
135,0.12400511
136,0.16590612
137,0.16602051
138,0.08971217
139,0.12964527
140,0.1233539
141,0.07420635
142,0.09784567
143,0.09952146
144,0.6720489
145,0.6784189
146,0.32736617
147,0.74988246
148,0.77792037
149,0.3610388
150,0.5205977
151,0.52105796
152,0.33871567
153,0.39654204
154,0.37203258
155,0.22139934
156,0.15683019
157,0.13915354
158,0.12140331
159,0.17335448
160,0.20017605
161,0.11349794
162,0.11538735
163,0.085357666
164,0.10834265
165,0.09031665
166,0.08080053
167,0.08413023
168,0.07669884
169,0.081730306
170,0.08349872
171,1.4622293
172,0.73824394
173,0.42104882
174,2.0685563
175,0.8915308
176,0.46496826
177,1.0341841
178,0.5802515
179,0.40384096
180,0.4899875
181,0.36308846
182,0.31386772
183,0.15060629
184,0.16187626
185,0.14168933
186,0.21952745
187,0.16081946
188,0.123314485
189,0.096625686
190,0.09599227
191,0.08228737
192,0.08825874
193,0.092876434
194,0.07799101
195,0.07853511
196,0.08531082
197,0.0798623
198,0.6337993
199,0.57712364
200,0.30236286
201,0.55167454
202,0.4637053
203,0.27267253
204,0.45858684
205,0.38253173
206,0.22027576
207,0.348065
208,0.27479458
209,0.15819125
210,0.1269974
211,0.11169633
212,0.10564083
213,0.18295495
214,0.16678445
215,0.10257411
216,0.09268537
217,0.09227973
218,0.09265256
219,0.09218258
220,0.09413463
221,0.09621453
222,0.064899445
223,0.06592563
224,0.0657458
225,0.41802445
226,0.41386688
227,0.4086839
228,0.38620308
229,0.3885552
230,0.39001158
231,0.31010664
232,0.31294337
233,0.31469476
234,0.3457023
235,0.32920748
236,0.31290904
237,0.23902076
238,0.16511199
239,0.1481525
240,0.09212804
241,0.0935837
242,0.09363061
243,0.24224263
244,0.22004656
245,0.19610542
246,0.21744925
247,0.20189139
248,0.19370106
249,0.18723893
250,0.17917494
251,0.1877766
252,4.61847
253,1.2060032
254,0.662551
255,4.392581
256,1.1349633
257,0.6232482
258,3.4207788
259,1.0453287
260,0.57202554
261,1.7373843
262,0.7231416
263,0.4055568
264,0.24713866
265,0.2412645
266,0.24189186
267,0.66411984
268,0.35600123
269,0.22816904
270,0.09778303
271,0.1052531
272,0.14663628
273,0.07592541
274,0.07890877
275,0.0880982
276,0.07312423
277,0.081186414
278,0.091433585
279,0.54499614
280,0.5311682
281,0.48674408
282,0.42057607
283,0.40807968
284,0.36810362
285,0.31179735
286,0.31311047
287,0.2914095
288,0.34736872
289,0.32826635
290,0.28811598
291,0.22055258
292,0.15636447
293,0.13492244
294,0.110838175
295,0.101824075
296,0.094471276
297,0.18432656
298,0.17999983
299,0.17233656
300,0.16831483
301,0.1647129
302,0.15795259
303,0.15361889
304,0.14956136
305,0.1423288
306,0.9829707
307,0.9028501
308,0.8053848
309,0.90033036
310,0.8248081
311,0.7564999
312,0.8380222
313,0.7928672
314,0.7298608
315,0.5113539
316,0.4844069
317,0.44200236
318,0.32429713
319,0.27987522
320,0.25295943
321,0.2534078
322,0.2320728
323,0.19424337
324,0.09858653
325,0.109718055
326,0.10351914
327,0.095552534
328,0.104269594
329,0.09789404
330,0.09211406
331,0.09952566
332,0.09253386
333,0.56929755
334,0.56657445
335,0.34861967
336,0.557735
337,0.56221145
338,0.34609517
339,0.5299562
340,0.53686106
341,0.33909202
342,0.32776695
343,0.2709942
344,0.18928608
345,0.17242943
346,0.16992861
347,0.1670099
348,0.21197611
349,0.20388658
350,0.17356935
351,0.16825289
352,0.14159724
353,0.17958498
354,0.18120068
355,0.14975712
356,0.14854321
357,0.101603985
358,0.10219991
359,0.1044178
360,1.9783852
361,1.1999382
362,0.8255695
363,4.0976396
364,2.3043418
365,0.98631376
366,1.2583508
367,0.98260474
368,0.66847867
369,0.6261805
370,0.57171917
371,0.54769886
372,0.2695617
373,0.29517052
374,0.21398224
375,0.283918
376,0.21348876
377,0.1878481
378,0.197299
379,0.14947806
380,0.1157808
381,0.16585992
382,0.12663916
383,0.10046232
384,0.12770781
385,0.0952726
386,0.09544963
387,2.0082858
388,0.8345682
389,0.39123943
390,1.987581
391,0.74883676
392,0.3860004
393,1.3518758
394,0.56615984
395,0.37119532
396,0.90382665
397,0.49412036
398,0.29197863
399,0.15408573
400,0.1502706
401,0.1396491
402,0.30384642
403,0.17889789
404,0.108414054
405,0.13378398
406,0.14033602
407,0.11157262
408,0.106318295
409,0.119564295
410,0.09946954
411,0.08230364
412,0.093693614
413,0.09638089
414,0.7085813
415,0.6773077
416,0.4885535
417,0.5904113
418,0.5523656
419,0.38425663
420,0.46619493
421,0.45617875
422,0.3135205
423,0.42702952
424,0.42882937
425,0.2866605
426,0.19214596
427,0.17415085
428,0.15139164
429,0.18933748
430,0.19737384
431,0.15267414
432,0.1276033
433,0.1246835
434,0.122471824
435,0.10602194
436,0.1014272
437,0.100504935
438,0.08778185
439,0.085368514
440,0.08566326
441,0.539083
442,0.512725
443,0.4918123
444,0.49854589
445,0.49036694
446,0.47221237
447,0.42609808
448,0.41411966
449,0.39630052
450,0.33249795
451,0.33207014
452,0.33480567
453,0.27595156
454,0.20898642
455,0.18999523
456,0.17580938
457,0.17418215
458,0.16953786
459,0.07732788
460,0.07849729
461,0.08508867
462,0.07017022
463,0.07286337
464,0.076696634
465,0.0678941
466,0.07213044
467,0.07627529
468,0.32889265
469,0.3120041
470,0.2827819
471,0.31379527
472,0.2938599
473,0.2661334
474,0.27690083
475,0.2573842
476,0.23944366
477,0.21081722
478,0.20401594
479,0.18316439
480,0.17189297
481,0.12852919
482,0.1236373
483,0.0992389
484,0.09197402
485,0.08008847
486,0.07050103
487,0.07453975
488,0.07734746
489,0.0633477
490,0.06167525
491,0.05687967
492,0.049725562
493,0.049179465
494,0.047825098
495,0.4422279
496,0.37625584
497,0.30844834
498,0.40298903
499,0.36572996
500,0.31717113
501,0.36396137
502,0.35178736
503,0.30868998
504,0.28899378
505,0.27660567
506,0.20791872
507,0.116329074
508,0.11930671
509,0.12944216
510,0.13273464
511,0.12201676
512,0.10596952
513,0.089933455
514,0.0786677
515,0.07509282
516,0.0632112
517,0.053640157
518,0.052772194
519,0.05339867
520,0.05251658
521,0.05504793
522,0.491803
523,0.4001599
524,0.3560092
525,0.50835943
526,0.39884838
527,0.25543597
528,0.39002278
529,0.25589043
530,0.18776195
531,0.2697988
532,0.2390629
533,0.19672725
534,0.15276515
535,0.13767213
536,0.114530265
537,0.12176025
538,0.10655028
539,0.09124681
540,0.08166495
541,0.08511162
542,0.08814621
543,0.07973689
544,0.08310783
545,0.08655825
546,0.07774955
547,0.08111936
548,0.08395341
549,0.33096176
550,0.31737536
551,0.29880533
552,0.32446647
553,0.30888647
554,0.288563
555,0.31396514
556,0.29858226
557,0.2779503
558,0.21669397
559,0.21345921
560,0.20844385
561,0.15668656
562,0.14869843
563,0.14158997
564,0.12581646
565,0.123529494
566,0.1180218
567,0.08177215
568,0.07668704
569,0.07187548
570,0.0708065
571,0.06650612
572,0.062372923
573,0.05932349
574,0.055655092
575,0.0519695
576,0.38702548
577,0.31119907
578,0.19404688
579,0.3571803
580,0.26082167
581,0.16359952
582,0.31094217
583,0.21408927
584,0.13799793
585,0.21288484
586,0.1782989
587,0.13603759
588,0.097944856
589,0.0816111
590,0.06474078
591,0.11799243
592,0.088412404
593,0.048892856
594,0.12915054
595,0.14632076
596,0.19193976
597,0.10620895
598,0.11243296
599,0.11794904
600,0.07722199
601,0.07812348
602,0.08395085
603,1.1849549
604,1.1809018
605,1.027704
606,1.0649778
607,1.0370951
608,0.9609027
609,0.508957
610,0.50875825
611,0.4657122
612,0.49708715
613,0.50866556
614,0.46626455
615,0.3656776
616,0.30433223
617,0.16712545
618,0.15258285
619,0.15710418
620,0.1663461
621,0.31431592
622,0.23003328
623,0.24947819
624,0.2700474
625,0.14954066
626,0.16873482
627,0.094579756
628,0.100559205
629,0.11570518
630,7.351181
631,3.6612053
632,1.5305939
633,8.362887
634,4.5063753
635,1.8292806
636,3.2167697
637,1.5614047
638,0.94942564
639,2.6538956
640,1.2767704
641,0.7012389
642,0.49427426
643,0.46840742
644,0.35783345
645,0.5600732
646,0.41325426
647,0.28820255
648,0.16163418
649,0.17633802
650,0.16661373
651,0.1524001
652,0.166973
653,0.15260881
654,0.11800361
655,0.14623141
656,0.13114822
657,1.1970935
658,1.0477726
659,0.53964734
660,1.2576015
661,1.0601913
662,0.52091265
663,1.0105565
664,0.8488156
665,0.44573587
666,0.5925256
667,0.5660721
668,0.29492128
669,0.19616602
670,0.17187351
671,0.15507308
672,0.30981869
673,0.25606427
674,0.1524609
675,0.39915755
676,0.33713365
677,0.33373874
678,0.38148654
679,0.30960822
680,0.27328983
681,0.21848388
682,0.20825604
683,0.20457415
684,6.1115875
685,4.7222424
686,3.4548469
687,6.114416
688,4.8080215
689,3.004301
690,3.0919363
691,2.2563262
692,1.6245987
693,2.4749584
694,1.9710801
695,1.586097
696,0.9505088
697,0.8717823
698,0.59506285
699,0.61368644
700,0.57017833
701,0.5050845
702,0.09480405
703,0.108208954
704,0.1027599
705,0.06059122
706,0.056607693
707,0.049424797
708,0.045187473
709,0.042413086
710,0.04164374
711,0.5357559
712,0.40701574
713,0.28413692
714,0.3871699
715,0.27066225
716,0.19048344
717,0.28610164
718,0.23288956
719,0.18047354
720,0.37575465
721,0.36160743
722,0.31038344
723,0.1730898
724,0.12167187
725,0.085269034
726,0.13148731
727,0.10764706
728,0.06716287
729,0.09934574
730,0.119360015
731,0.16936758
732,0.054717004
733,0.068600416
734,0.087650836
735,0.04866919
736,0.055362403
737,0.06513178
738,0.6277915
739,0.5752462
740,0.44405088
741,0.41537938
742,0.3717323
743,0.30885476
744,0.24026905
745,0.23589393
746,0.21526262
747,0.37747473
748,0.30121094
749,0.25886065
750,0.19548017
751,0.13733846
752,0.10344428
753,0.07783562
754,0.08729565
755,0.07182956
756,0.056034088
757,0.061208427
758,0.06860539
759,0.054858148
760,0.05560097
761,0.05437708
762,0.043140173
763,0.04492885
764,0.047602475
765,0.5027205
766,0.44628292
767,0.3767715
768,1.4100804
769,1.2073872
770,0.84484816
771,0.51828265
772,0.43236303
773,0.3420608
774,0.2625369
775,0.23551923
776,0.19498602
777,0.14313878
778,0.17963576
779,0.11931139
780,0.1301054
781,0.12156317
782,0.11347112
783,0.13105239
784,0.13238582
785,0.11259979
786,0.055568635
787,0.05832255
788,0.065182805
789,0.030428857
790,0.035119414
791,0.021861762
792,0.53430647
793,0.36476585
794,0.22707947
795,0.823084
796,0.4795593
797,0.2376154
798,0.28399903
799,0.20773536
800,0.14695609
801,0.25115925
802,0.25153875
803,0.18044369
804,0.12195602
805,0.10032764
806,0.048383474
807,0.08589482
808,0.07431668
809,0.030524075
810,0.121717855
811,0.15944597
812,0.18043537
813,0.10694182
814,0.09916404
815,0.10929167
816,0.08496642
817,0.084985286
818,0.08170658
819,0.7081945
820,0.69983655
821,0.54297775
822,0.644622
823,0.5472739
824,0.35340714
825,0.60242933
826,0.461855
827,0.2730332
828,0.4231131
829,0.47108865
830,0.36425954
831,0.33486846
832,0.17775404
833,0.15407512
834,0.18249053
835,0.16662776
836,0.14192069
837,1.0707309
838,0.34676567
839,0.24043286
840,0.89895666
841,0.34133902
842,0.2248032
843,0.2640672
844,0.19204965
845,0.1407279
846,6.9840145
847,5.32166
848,2.8714204
849,9.353634
850,8.044827
851,5.0845284
852,5.6899366
853,4.0507593
854,1.7657294
855,3.2744448
856,2.520357
857,1.3303374
858,0.73735887
859,1.0907689
860,0.6549566
861,1.1811626
862,0.77189285
863,0.53128046
864,0.1084598
865,0.13482954
866,0.16625643
867,0.07852495
868,0.08178055
869,0.08666974
870,0.07055849
871,0.07747871
872,0.08333087
873,0.5669974
874,0.54861283
875,0.5451373
876,0.34826225
877,0.3239433
878,0.30295762
879,0.27854905
880,0.27994278
881,0.27380863
882,0.3679567
883,0.37616175
884,0.3702112
885,0.29165858
886,0.17265175
887,0.13112655
888,0.09663713
889,0.095118076
890,0.095709294
891,0.25279543
892,0.1231616
893,0.119529635
894,0.21657678
895,0.123616084
896,0.1091561
897,0.13483274
898,0.1094563
899,0.10198712
900,1.1594965
901,0.7553816
902,0.36612454
903,1.3129723
904,0.80726755
905,0.36103344
906,1.1614474
907,0.71918535
908,0.33142516
909,0.55151725
910,0.29689127
911,0.20391268
912,0.15723214
913,0.15652354
914,0.15201336
915,0.30811846
916,0.21622235
917,0.1409893
918,0.1557976
919,0.16133437
920,0.18145928
921,0.117780626
922,0.1217847
923,0.12942694
924,0.08585513
925,0.09252983
926,0.10210654
927,1.1513177
928,1.2407393
929,1.1970881
930,0.9311652
931,0.9747826
932,0.98913425
933,0.5918991
934,0.64880353
935,0.6636089
936,0.55054855
937,0.5869866
938,0.59483075
939,0.37375864
940,0.3188288
941,0.20406975
942,0.1678409
943,0.167586
944,0.16962862
945,0.07246345
946,0.06612691
947,0.060400665
948,0.0551953
949,0.053227276
950,0.04742849
951,0.043369383
952,0.04650539
953,0.043578804
954,0.43351036
955,0.31175083
956,0.22026736
957,0.32326937
958,0.23350799
959,0.16457391
960,0.25139338
961,0.21000859
962,0.15301307
963,0.25525331
964,0.20181641
965,0.14469914
966,0.11059523
967,0.07847011
968,0.060356855
969,0.08067888
970,0.06449485
971,0.035208583
972,0.16761665
973,0.18188974
974,0.21212
975,0.13895097
976,0.14178073
977,0.16065605
978,0.106419325
979,0.11608948
980,0.13119064
981,1.8542926
982,1.4186394
983,1.2185237
984,5.5257006
985,3.0803711
986,2.1795807
987,0.96673304
988,0.9436899
989,0.90923977
990,0.83886737
991,0.88131577
992,0.844249
993,0.49780387
994,0.5294291
995,0.3602311
996,0.222599
997,0.23138303
998,0.2386044
999,0.11082584
1000,0.13925204
1001,0.12680276
1002,0.08124182
1003,0.08612305
1004,0.076857656
1005,0.05869943
1006,0.056824327
1007,0.05095738
1008,0.6004694
1009,0.5992891
1010,0.50105834
1011,0.3941108
1012,0.30984277
1013,0.22156274
1014,0.29077822
1015,0.24285714
1016,0.17754017
1017,0.3521153
1018,0.35032716
1019,0.32204646
1020,0.1969576
1021,0.14626643
1022,0.10174215
1023,0.13539708
1024,0.11985892
1025,0.09342471
1026,0.18427539
1027,0.18089882
1028,0.22728147
1029,0.12036908
1030,0.12378463
1031,0.1335125
1032,0.09487122
1033,0.099785715
1034,0.10839808
1035,2.276042
1036,1.6695762
1037,1.0075877
1038,2.2506783
1039,1.3372202
1040,0.92068976
1041,0.85096025
1042,0.74096954
1043,0.5597591
1044,0.6002582
1045,0.5633188
1046,0.4686306
1047,0.29167682
1048,0.24016795
1049,0.18258616
1050,0.17404097
1051,0.17456321
1052,0.16656137
1053,0.08232814
1054,0.087616414
1055,0.09235829
1056,0.064076185
1057,0.07048535
1058,0.07759738
1059,0.030923396
1060,0.035109043
1061,0.040180743
1062,0.44186574
1063,0.44768286
1064,0.44605467
1065,0.26590866
1066,0.2725295
1067,0.2750321
1068,0.21101397
1069,0.21589908
1070,0.21643767
1071,0.2571938
1072,0.24509734
1073,0.23049378
1074,0.18539566
1075,0.13476206
1076,0.11626136
1077,0.068021774
1078,0.074837685
1079,0.07589346
1080,0.06380367
1081,0.06432581
1082,0.07276979
1083,0.04973808
1084,0.05274141
1085,0.061038405
1086,0.037756026
1087,0.04199025
1088,0.055488914
1089,0.40027824
1090,0.33399206
1091,0.26320636
1092,0.34068987
1093,0.26760846
1094,0.20838922
1095,0.25672138
1096,0.19511056
1097,0.1803298
1098,0.24616918
1099,0.23160541
1100,0.1889391
1101,0.120762706
1102,0.1063537
1103,0.08829376
1104,0.101489425
1105,0.08519858
1106,0.06129822
1107,0.20518108
1108,0.20297816
1109,0.19925039
1110,0.16672309
1111,0.16794163
1112,0.16715403
1113,0.13628963
1114,0.13691866
1115,0.13622752
1116,1.4014237
1117,1.2852447
1118,1.1815982
1119,0.9126938
1120,0.8843009
1121,0.8274572
1122,0.61704206
1123,0.61017054
1124,0.60629326
1125,0.7559171
1126,0.73948383
1127,0.71209836
1128,0.49033707
1129,0.3798847
1130,0.3355917
1131,0.2420734
1132,0.24675696
1133,0.24271092
1134,0.11484775
1135,0.106330454
1136,0.10344437
1137,0.10383853
1138,0.07477802
1139,0.073259056
1140,0.07957399
1141,0.06642038
1142,0.062225014
1143,0.52716374
1144,0.37708643
1145,0.31052434
1146,0.5453483
1147,0.39243713
1148,0.2867281
1149,0.49871254
1150,0.32340908
1151,0.2414999
1152,0.4376232
1153,0.28984293
1154,0.21315366
1155,0.18356928
1156,0.16630463
1157,0.15241897
1158,0.20882985
1159,0.1853196
1160,0.14985856
1161,0.058568686
1162,0.061613083
1163,0.0668405
1164,0.052772433
1165,0.057674468
1166,0.063034356
1167,0.047483265
1168,0.05254382
1169,0.057531804
1170,0.2973884
1171,0.27941132
1172,0.2473554
1173,0.26464444
1174,0.24635169
1175,0.21684822
1176,0.23855618
1177,0.21812922
1178,0.19613217
1179,0.2054328
1180,0.19566503
1181,0.17845643
1182,0.13923526
1183,0.12287912
1184,0.11151016
1185,0.11068389
1186,0.105076194
1187,0.093820244
1188,0.13866435
1189,0.16204916
1190,0.20630246
1191,0.11269578
1192,0.13754876
1193,0.1623982
1194,0.079829365
1195,0.101254195
1196,0.1298921
1197,1.0352199
1198,1.0985166
1199,0.81669176
1200,0.8220134
1201,0.8643372
1202,0.8197963
1203,0.57723147
1204,0.6217885
1205,0.58921826
1206,0.47873592
1207,0.49964148
1208,0.41873613
1209,0.31986156
1210,0.27661663
1211,0.20351675
1212,0.18594526
1213,0.21089402
1214,0.2091092
1215,0.09674382
1216,0.09008545
1217,0.09512666
1218,0.08571082
1219,0.081971824
1220,0.077566564
1221,0.076667905
1222,0.07611233
1223,0.07351887
1224,0.57779366
1225,0.55126435
1226,0.32631457
1227,0.52314204
1228,0.49470964
1229,0.3173905
1230,0.46967262
1231,0.43036205
1232,0.2862662
1233,0.3458485
1234,0.30594152
1235,0.20749882
1236,0.1723907
1237,0.15207893
1238,0.13579264
1239,0.18758383
1240,0.17401354
1241,0.122965425
1242,0.12319864
1243,0.12256545
1244,0.12122087
1245,0.10221812
1246,0.1019268
1247,0.10131562
1248,0.10588789
1249,0.106641114
1250,0.10665357
1251,0.5562537
1252,0.5550621
1253,0.551473
1254,0.49412668
1255,0.4971793
1256,0.50000674
1257,0.4581798
1258,0.45203534
1259,0.44347635
1260,0.4488021
1261,0.44267553
1262,0.4381692
1263,0.31138083
1264,0.26393402
1265,0.30771887
1266,0.1888203
1267,0.18664435
1268,0.1826415
1269,0.122039914
1270,0.13152741
1271,0.1331391
1272,0.089232445
1273,0.11309907
1274,0.10248673
1275,0.058622062
1276,0.0657568
1277,0.06625983
1278,0.36588347
1279,0.33865935
1280,0.29391336
1281,0.5366589
1282,0.51716936
1283,0.44014394
1284,0.38324153
1285,0.334033
1286,0.23420078
1287,0.23892376
1288,0.2329475
1289,0.20021112
1290,0.18276209
1291,0.17637207
1292,0.122427344
1293,0.13795826
1294,0.13303587
1295,0.114037335
1296,0.06881997
1297,0.07955736
1298,0.083283514
1299,0.04996729
1300,0.06086552
1301,0.06590006
1302,0.039123267
1303,0.052413166
1304,0.058438092
1305,0.37665513
1306,0.3753265
1307,0.25607234
1308,0.31237364
1309,0.29004344
1310,0.17641555
1311,0.24357292
1312,0.23366755
1313,0.15454583
1314,0.20354283
1315,0.20918934
1316,0.15619217
1317,0.1340853
1318,0.101145625
1319,0.077655554
1320,0.09346008
1321,0.08625981
1322,0.05863914
1323,0.09871501
1324,0.08223343
1325,0.074000806
1326,0.070546865
1327,0.055903852
1328,0.04906863
1329,0.046143144
1330,0.04346049
1331,0.03942111
1332,0.43277246
1333,0.32579327
1334,0.2437476
1335,0.55365396
1336,0.3569731
1337,0.20857495
1338,0.43427712
1339,0.25142568
1340,0.14263886
1341,0.22720614
1342,0.1868491
1343,0.1546152
1344,0.10917005
1345,0.09551564
1346,0.07349384
1347,0.1259908
1348,0.09040478
1349,0.06498283
1350,0.1935554
1351,0.20005497
1352,0.2633622
1353,0.16672535
1354,0.17054805
1355,0.17819153
1356,0.12172887
1357,0.13720445
1358,0.15619609
1359,1.5224388
1360,1.4418213
1361,1.241163
1362,1.3005202
1363,1.2199659
1364,1.0616212
1365,0.83475214
1366,0.8268716
1367,0.78223383
1368,0.8152023
1369,0.7650094
1370,0.6901345
1371,0.462313
1372,0.33013692
1373,0.23931825
1374,0.19320984
1375,0.20310576
1376,0.20020354
1377,0.12902881
1378,0.142614
1379,0.16167176
1380,0.09640062
1381,0.09889948
1382,0.11246872
1383,0.078146935
1384,0.08011985
1385,0.081365466
1386,0.469494
1387,0.4993629
1388,0.5346378
1389,0.604481
1390,0.56171614
1391,0.515114
1392,0.38151252
1393,0.3431521
1394,0.27171993
1395,0.31210688
1396,0.3004039
1397,0.31873932
1398,0.22998738
1399,0.21718577
1400,0.1619845
1401,0.15783842
1402,0.15721872
1403,0.14867826
1404,0.24803469
1405,0.2506473
1406,0.25371766
1407,0.22105208
1408,0.23116916
1409,0.23731849
1410,0.19744265
1411,0.20715278
1412,0.21556874
1413,2.2369034
1414,2.225505
1415,2.148449
1416,1.5301359
1417,1.520299
1418,1.4672346
1419,1.2179412
1420,1.2208081
1421,1.2223662
1422,1.070245
1423,1.0329245
1424,0.9879484
1425,0.69564176
1426,0.53030133
1427,0.437001
1428,0.39356264
1429,0.3876467
1430,0.3746301
1431,0.13237378
1432,0.14369114
1433,0.14794676
1434,0.08836782
1435,0.08692065
1436,0.08993447
1437,0.07616997
1438,0.07998526
1439,0.08302033
1440,0.5953047
1441,0.5434975
1442,0.45068842
1443,0.45430052
1444,0.42903563
1445,0.4096268
1446,0.38493043
1447,0.37871727
1448,0.3588788
1449,0.3801937
1450,0.34491926
1451,0.28927618
1452,0.19756818
1453,0.16473028
1454,0.1622141
1455,0.14655665
1456,0.13382871
1457,0.1172813
1458,0.10940111
1459,0.15447181
1460,0.16002275
1461,0.07631028
1462,0.09275401
1463,0.10888374
1464,0.04899293
1465,0.06729972
1466,0.07624796
1467,0.75358963
1468,0.61792314
1469,0.51562023
1470,1.4651735
1471,0.9950272
1472,0.5788532
1473,0.41963214
1474,0.42795998
1475,0.3362038
1476,0.28819886
1477,0.2925374
1478,0.2625093
1479,0.1850501
1480,0.18810503
1481,0.14468494
1482,0.13451314
1483,0.151054
1484,0.12369758
1485,0.17130685
1486,0.16767505
1487,0.13269629
1488,0.12576826
1489,0.09492904
1490,0.069870114
1491,0.07627469
1492,0.07999569
1493,0.07544574
1494,1.4641161
1495,0.59142524
1496,0.3555501
1497,1.2169278
1498,0.45699912
1499,0.33391207
1500,0.80890137
1501,0.34674957
1502,0.26514554
1503,0.6279489
1504,0.38243538
1505,0.20339155
1506,0.1495567
1507,0.123504534
1508,0.09471771
1509,0.19213288
1510,0.15930244
1511,0.08899313
1512,0.19685659
1513,0.16146326
1514,0.14229465
1515,0.18582489
1516,0.14347818
1517,0.111861646
1518,0.17910323
1519,0.13440335
1520,0.092173934
1521,1.286612
1522,0.87873363
1523,0.44429913
1524,1.2426796
1525,0.75146145
1526,0.4145295
1527,1.1284223
1528,0.69232243
1529,0.3796509
1530,0.65743047
1531,0.5091551
1532,0.36789554
1533,0.25889605
1534,0.2264956
1535,0.19401985
1536,0.3355737
1537,0.2683004
1538,0.21500972
1539,0.14255148
1540,0.1553556
1541,0.20040569
1542,0.11909151
1543,0.13117062
1544,0.14334077
1545,0.0953736
1546,0.11744924
1547,0.12394723
1548,0.6697844
1549,0.67837024
1550,0.4966887
1551,0.5868416
1552,0.57478875
1553,0.4333567
1554,0.5753527
1555,0.5611056
1556,0.3744507
1557,0.4206059
1558,0.40226123
1559,0.32564837
1560,0.20766357
1561,0.1737373
1562,0.16132793
1563,0.1650407
1564,0.16917568
1565,0.15060744
1566,0.087438494
1567,0.09440699
1568,0.09486008
1569,0.07038584
1570,0.068062544
1571,0.06597149
1572,0.057920337
1573,0.062270045
1574,0.062004775
1575,0.55093956
1576,0.43009806
1577,0.31476098
1578,0.53944224
1579,0.37979677
1580,0.27933347
1581,0.39883623
1582,0.27481595
1583,0.2461377
1584,0.42485598
1585,0.36297154
1586,0.23308626
1587,0.17432684
1588,0.16393524
1589,0.14757022
1590,0.18500724
1591,0.16879673
1592,0.14050967
1593,0.124236226
1594,0.10038632
1595,0.09669545
1596,0.09133062
1597,0.08946946
1598,0.07851544
1599,0.07020658
1600,0.081190884
1601,0.08124444
1602,0.8856896
1603,0.40874624
1604,0.19946206
1605,2.280012
1606,0.63913524
1607,0.23735079
1608,0.8760502
1609,0.44619036
1610,0.23070547
1611,0.33166295
1612,0.22546786
1613,0.15181576
1614,0.09233379
1615,0.10877591
1616,0.09284267
1617,0.27932578
1618,0.17107025
1619,0.07829386
1620,0.099170744
1621,0.11247492
1622,0.116615385
1623,0.06560308
1624,0.061255246
1625,0.061523736
1626,0.058745384
1627,0.06242743
1628,0.058736265
1629,0.629545
1630,0.509872
1631,0.41077006
1632,0.5103367
1633,0.4193795
1634,0.29935324
1635,0.2792995
1636,0.25738335
1637,0.18578762
1638,0.37433597
1639,0.31621903
1640,0.25385192
1641,0.16270082
1642,0.15479772
1643,0.095378846
1644,0.101480365
1645,0.091756225
1646,0.06823453
1647,0.1045354
1648,0.10626149
1649,0.107197195
1650,0.10445124
1651,0.105416566
1652,0.10680181
1653,0.09857339
1654,0.100568265
1655,0.10213089
1656,0.51635146
1657,0.51031786
1658,0.50120527
1659,0.4983823
1660,0.50131047
1661,0.49919358
1662,0.4877213
1663,0.4902673
1664,0.49111548
1665,0.25985748
1666,0.26019657
1667,0.25584143
1668,0.21449155
1669,0.19713148
1670,0.18452005
1671,0.173275
1672,0.17518924
1673,0.17540088
1674,0.15548173
1675,0.18272832
1676,0.25146705
1677,0.09960371
1678,0.10771561
1679,0.10905504
1680,0.07734063
1681,0.08167195
1682,0.08659062
1683,0.9099849
1684,0.8853577
1685,0.7305948
1686,0.54255646
1687,0.52862394
1688,0.4623556
1689,0.37942204
1690,0.370749
1691,0.32230622
1692,0.59158075
1693,0.5797038
1694,0.4878736
1695,0.3308587
1696,0.26602647
1697,0.14907475
1698,0.12559468
1699,0.13109547
1700,0.12595859
1701,0.11431965
1702,0.11432159
1703,0.14011867
1704,0.09769693
1705,0.097340465
1706,0.099202394
1707,0.0858801
1708,0.08730656
1709,0.09068632
1710,0.4138068
1711,0.4120512
1712,0.41282967
1713,0.39161652
1714,0.38820046
1715,0.39042148
1716,0.36145622
1717,0.34702054
1718,0.34770116
1719,0.31135267
1720,0.31233072
1721,0.3133264
1722,0.23770323
1723,0.2153739
1724,0.17309839
1725,0.15791577
1726,0.16004388
1727,0.16195826
1728,0.15229942
1729,0.19417624
1730,0.18156216
1731,0.12955242
1732,0.1343531
1733,0.13034466
1734,0.10158169
1735,0.10621309
1736,0.107036024
1737,1.0779955
1738,0.8612717
1739,0.64620346
1740,0.8615768
1741,0.78672564
1742,0.5651251
1743,0.7188114
1744,0.7057686
1745,0.4757301
1746,0.5427926
1747,0.4920282
1748,0.36794594
1749,0.21907395
1750,0.20740221
1751,0.1815474
1752,0.21143481
1753,0.21534279
1754,0.20705247
1755,0.091534406
1756,0.09327674
1757,0.10155988
1758,0.054934412
1759,0.05733776
1760,0.06179148
1761,0.031823426
1762,0.040097833
1763,0.04425448
1764,0.57467604
1765,0.50320923
1766,0.28601876
1767,1.0524563
1768,0.7961651
1769,0.4100379
1770,0.39786616
1771,0.33379075
1772,0.27378967
1773,0.2524191
1774,0.18996853
1775,0.19233209
1776,0.1221433
1777,0.13212688
1778,0.09648156
1779,0.1161665
1780,0.093572855
1781,0.071513
1782,0.10695079
1783,0.09850335
1784,0.09735596
1785,0.07805827
1786,0.08115947
1787,0.08295241
1788,0.06276232
1789,0.068990976
1790,0.074525684
1791,0.7347271
1792,0.4491918
1793,0.3607903
1794,0.5966244
1795,0.38119993
1796,0.33786505
1797,0.46524817
1798,0.33500862
1799,0.3107464
1800,0.42104137
1801,0.3083627
1802,0.2115341
1803,0.16020565
1804,0.14491874
1805,0.12396747
1806,0.17116836
1807,0.15741262
1808,0.12393531
1809,0.13672476
1810,0.12655677
1811,0.11971131
1812,0.09096503
1813,0.090948105
1814,0.08926287
1815,0.069685906
1816,0.076922536
1817,0.0807741
1818,1.3152308
1819,0.7667525
1820,0.4823604
1821,1.0242689
1822,0.58657783
1823,0.44128197
1824,0.6464206
1825,0.38979656
1826,0.33885753
1827,0.45479947
1828,0.36368322
1829,0.22764966
1830,0.15755562
1831,0.124605194
1832,0.105730474
1833,0.15789875
1834,0.1483311
1835,0.09767106
1836,0.094551444
1837,0.10190737
1838,0.107370436
1839,0.0602791
1840,0.06770876
1841,0.081335306
1842,0.04668981
1843,0.057073742
1844,0.06619269
1845,0.5090797
1846,0.45451826
1847,0.36731574
1848,0.3431794
1849,0.31571054
1850,0.26074526
1851,0.24493133
1852,0.22627586
1853,0.20626263
1854,0.35345665
1855,0.31687927
1856,0.230073
1857,0.1752794
1858,0.14109433
1859,0.11603749
1860,0.10728562
1861,0.10649559
1862,0.10037553
1863,0.19604579
1864,0.25542587
1865,0.23387691
1866,0.2033717
1867,0.19925706
1868,0.1888851
1869,0.11620572
1870,0.1362677
1871,0.14678955
1872,2.2235725
1873,1.1947498
1874,0.47380328
1875,3.9457998
1876,1.096477
1877,0.5031085
1878,1.8610051
1879,1.026097
1880,0.45439053
1881,0.94165444
1882,0.87947756
1883,0.44533956
1884,0.2673707
1885,0.20838277
1886,0.17999682
1887,0.41066438
1888,0.29723054
1889,0.15816078
1890,0.11004868
1891,0.11791016
1892,0.1113942
1893,0.07188648
1894,0.08236298
1895,0.082208544
1896,0.04430902
1897,0.046187937
1898,0.053604275
1899,0.5741465
1900,0.5071591
1901,0.29406044
1902,0.739604
1903,0.6127497
1904,0.3636899
1905,0.4595794
1906,0.36424077
1907,0.29065573
1908,0.3283222
1909,0.27817142
1910,0.1740686
1911,0.13644549
1912,0.13330251
1913,0.12090871
1914,0.13097553
1915,0.121434584
1916,0.09684092
1917,0.19104007
1918,0.19700718
1919,0.21353473
1920,0.16561186
1921,0.16989248
1922,0.17025658
1923,0.14500484
1924,0.14872146
1925,0.15622593
1926,1.0493792
1927,1.0201273
1928,0.9584003
1929,0.9240239
1930,0.84608823
1931,0.7451043
1932,0.81552726
1933,0.72773355
1934,0.61140776
1935,0.6540402
1936,0.66912484
1937,0.6003676
1938,0.39759612
1939,0.32383037
1940,0.26848635
1941,0.27339646
1942,0.26833236
1943,0.23508702
1944,0.10545558
1945,0.10377866
1946,0.10310936
1947,0.07155317
1948,0.07240921
1949,0.07475796
1950,0.061520815
1951,0.06660947
1952,0.07225576
1953,0.428658
1954,0.40941754
1955,0.38972965
1956,0.3531583
1957,0.3510717
1958,0.34409803
1959,0.27777064
1960,0.26764977
1961,0.2554627
1962,0.23637961
1963,0.23529342
1964,0.23014486
1965,0.20640317
1966,0.16006638
1967,0.12863228
1968,0.10645187
1969,0.102936506
1970,0.09935698
1971,0.23954967
1972,0.24303997
1973,0.28822207
1974,0.22013137
1975,0.22502834
1976,0.23837197
1977,0.20385157
1978,0.20921865
1979,0.20956
1980,1.9578578
1981,1.9361017
1982,1.774615
1983,1.726938
1984,1.6789312
1985,1.453933
1986,1.2217565
1987,1.2689307
1988,1.175981
1989,0.9626066
1990,0.907956
1991,0.86700314
1992,0.6579342
1993,0.5364293
1994,0.4507498
1995,0.47353932
1996,0.48837245
1997,0.48209003
1998,0.32039064
1999,0.30135438
2000,0.29020143
2001,0.28351703
2002,0.27600157
2003,0.2653961
2004,0.21656519
2005,0.2182999
2006,0.21175751
2007,5.618024
2008,4.588397
2009,3.4658186
2010,5.8479667
2011,4.864372
2012,3.4841547
2013,5.18507
2014,4.0953894
2015,3.0042624
2016,1.5748906
2017,1.3615682
2018,1.1976099
2019,0.69609016
2020,0.6680283
2021,0.5869844
2022,0.5205813
2023,0.49623832
2024,0.4655705
2025,0.2142663
2026,0.26200256
2027,0.27168325
2028,0.18797906
2029,0.19722795
2030,0.20458621
2031,0.10685578
2032,0.12275052
2033,0.13746558
2034,1.7183692
2035,1.6269724
2036,1.2357783
2037,1.5823898
2038,1.516088
2039,1.1703701
2040,0.9218234
2041,0.8363892
2042,0.7682953
2043,0.8205695
2044,0.83091927
2045,0.7323074
2046,0.4240876
2047,0.36999613
2048,0.28057122
2049,0.31035346
2050,0.32238626
2051,0.29649147
2052,0.10054967
2053,0.120284334
2054,0.11222863
2055,0.06742102
2056,0.065102816
2057,0.06153965
2058,0.047442973
2059,0.0527426
2060,0.059039384
2061,0.3586788
2062,0.36194813
2063,0.32149342
2064,0.40079266
2065,0.39514095
2066,0.2970208
2067,0.31462136
2068,0.2989865
2069,0.23096809
2070,0.28381294
2071,0.2953686
2072,0.28063953
2073,0.19121695
2074,0.1796888
2075,0.11064136
2076,0.12547687
2077,0.118051514
2078,0.08353916
2079,0.08920419
2080,0.0897187
2081,0.089867234
2082,0.084508985
2083,0.08600551
2084,0.08573729
2085,0.08333373
2086,0.085084826
2087,0.08434987
2088,0.40854526
2089,0.39979345
2090,0.38422468
2091,0.3962051
2092,0.38585144
2093,0.3677651
2094,0.39059561
2095,0.37517506
2096,0.3536312
2097,0.27272674
2098,0.259264
2099,0.24164975
2100,0.15948693
2101,0.15170431
2102,0.14754736
2103,0.13790917
2104,0.13137284
2105,0.12254433
2106,0.14078367
2107,0.14371012
2108,0.15126827
2109,0.11648959
2110,0.12267128
2111,0.1304468
2112,0.11481702
2113,0.118162304
2114,0.12153709
2115,0.65436184
2116,0.66713864
2117,0.65858996
2118,0.57642215
2119,0.598456
2120,0.61386913
2121,0.49844307
2122,0.50367934
2123,0.51606846
2124,0.42618802
2125,0.42220643
2126,0.4131633
2127,0.33792436
2128,0.25510433
2129,0.2053152
2130,0.19087562
2131,0.20549832
2132,0.21791783
2133,0.096624434
2134,0.10549724
2135,0.08863333
2136,0.0909566
2137,0.07795814
2138,0.06462613
2139,0.0795787
2140,0.067326725
2141,0.05973196
2142,0.67151207
2143,0.42998707
2144,0.3417729
2145,0.7009774
2146,0.42984757
2147,0.33975413
2148,0.6681129
2149,0.36893985
2150,0.3264758
2151,0.38450143
2152,0.25723022
2153,0.20603642
2154,0.14719716
2155,0.14288267
2156,0.13308017
2157,0.21010593
2158,0.17025144
2159,0.13292524
2160,0.15621766
2161,0.15353738
2162,0.17924029
2163,0.12813877
2164,0.12069628
2165,0.10935444
2166,0.09124333
2167,0.089877546
2168,0.08893865
2169,0.9171828
2170,0.9054835
2171,0.80789584
2172,1.1135089
2173,0.9948104
2174,0.8394431
2175,0.4917044
2176,0.43705845
2177,0.36274204
2178,0.56750166
2179,0.5159926
2180,0.4533791
2181,0.36236757
2182,0.28039896
2183,0.1490576
2184,0.14467107
2185,0.13675745
2186,0.1281051
2187,0.063209504
2188,0.06838402
2189,0.07331535
2190,0.050971866
2191,0.055129886
2192,0.05956945
2193,0.038669407
2194,0.04564351
2195,0.05109775
2196,0.3271931
2197,0.319591
2198,0.26975086
2199,0.28124148
2200,0.2723375
2201,0.22199696
2202,0.24230945
2203,0.22965913
2204,0.1884785
2205,0.18428054
2206,0.17313835
2207,0.15430236
2208,0.13934335
2209,0.10775909
2210,0.080754966
2211,0.08789921
2212,0.08027089
2213,0.06933868
2214,0.15697226
2215,0.16264176
2216,0.15699835
2217,0.13960841
2218,0.13597119
2219,0.1352634
2220,0.12042248
2221,0.11965507
2222,0.11860359
2223,0.98445004
2224,0.8181734
2225,0.5474484
2226,0.8392415
2227,0.6981244
2228,0.44116676
2229,0.6849911
2230,0.57855505
2231,0.35932165
2232,0.501372
2233,0.40248436
2234,0.32734835
2235,0.20642135
2236,0.17973074
2237,0.16865468
2238,0.2600422
2239,0.23308341
2240,0.161737
2241,0.1116215
2242,0.11261892
2243,0.1168161
2244,0.089107245
2245,0.096791774
2246,0.104531854
2247,0.07365015
2248,0.081821024
2249,0.08944291
2250,0.6176119
2251,0.58524346
2252,0.49683106
2253,0.522689
2254,0.47893125
2255,0.42623743
2256,0.41988266
2257,0.40167198
2258,0.3537484
2259,0.33176476
2260,0.325444
2261,0.2831965
2262,0.19874543
2263,0.1880625
2264,0.17460427
2265,0.16804424
2266,0.17071642
2267,0.16646984
2268,0.15188074
2269,0.13629803
2270,0.12692258
2271,0.13028276
2272,0.11859283
2273,0.10561848
2274,0.069967985
2275,0.07287258
2276,0.07440543
2277,2.2629366
2278,1.673645
2279,1.1153562
2280,4.270106
2281,3.4829204
2282,2.415594
2283,0.96000475
2284,0.8139341
2285,0.66314125
2286,0.6110194
2287,0.49379057
2288,0.42027545
2289,0.32974237
2290,0.47432432
2291,0.3044593
2292,0.28839365
2293,0.2586016
2294,0.22019865
2295,0.24928275
2296,0.25933987
2297,0.2457932
2298,0.23680757
2299,0.22286586
2300,0.21961418
2301,0.22110076
2302,0.20872816
2303,0.20544451
2304,2.3925462
2305,1.5843909
2306,0.82866454
2307,2.1617181
2308,1.4126301
2309,0.75802004
2310,1.8072276
2311,1.2968748
2312,0.69121945
2313,1.2464828
2314,1.0526028
2315,0.51602983
2316,0.36831304
2317,0.33497328
2318,0.30015504
2319,0.5296885
2320,0.4836526
2321,0.2993111
2322,0.16393872
2323,0.20059456
2324,0.20239434
2325,0.1341374
2326,0.1783825
2327,0.19168457
2328,0.10894537
2329,0.14135297
2330,0.1701055
2331,1.0769322
2332,1.0868895
2333,0.778039
2334,0.8595879
2335,0.92300105
2336,0.7049476
2337,0.69958776
2338,0.74639606
2339,0.5852565
2340,0.60574985
2341,0.6196679
2342,0.3984384
2343,0.29448515
2344,0.2520452
2345,0.21690872
2346,0.26433307
2347,0.27872267
2348,0.25725147
2349,0.30427662
2350,0.30243444
2351,0.30090147
2352,0.2809326
2353,0.2854713
2354,0.2857675
2355,0.25618368
2356,0.2683414
2357,0.2761991
2358,6.6825657
2359,2.80375
2360,1.2590766
2361,6.177662
2362,2.3449554
2363,1.1842968
2364,4.8209734
2365,1.9020357
2366,1.1331336
2367,2.7824824
2368,1.4822273
2369,0.86447334
2370,0.47818595
2371,0.43971884
2372,0.40477479
2373,0.6829317
2374,0.4722674
2375,0.31434274
2376,0.12707888
2377,0.13730764
2378,0.117457464
2379,0.10473621
2380,0.12119627
2381,0.10557935
2382,0.08672875
2383,0.099484265
2384,0.09801638
2385,0.88525826
2386,0.7541326
2387,0.5162504
2388,0.74618113
2389,0.6945055
2390,0.4684205
2391,0.59048223
2392,0.5676353
2393,0.39625514
2394,0.47181302
2395,0.4772875
2396,0.33226213
2397,0.18893455
2398,0.18140805
2399,0.17019624
2400,0.2108809
2401,0.19294441
2402,0.15735643
2403,0.30081686
2404,0.25404137
2405,0.25336167
2406,0.26974335
2407,0.23825699
2408,0.2503783
2409,0.21602282
2410,0.22246684
2411,0.22658868
2412,2.2953498
2413,1.5795567
2414,1.055659
2415,1.8963394
2416,1.3991938
2417,0.9335296
2418,1.5463431
2419,1.198319
2420,0.799919
2421,1.4221692
2422,1.4643283
2423,0.71159506
2424,0.3520572
2425,0.31160098
2426,0.25240582
2427,0.58172286
2428,0.49817613
2429,0.30288976
2430,0.19693644
2431,0.20664331
2432,0.26397434
2433,0.19614162
2434,0.20375046
2435,0.21864393
2436,0.1776914
2437,0.19010124
2438,0.19636458
2439,1.9096339
2440,2.0413969
2441,2.006809
2442,2.038418
2443,1.923003
2444,1.6936142
2445,1.3476231
2446,1.3779428
2447,1.2989857
2448,0.8151553
2449,0.86283875
2450,0.84276605
2451,0.5720745
2452,0.5138153
2453,0.42583606
2454,0.3451499
2455,0.35081252
2456,0.34879643
2457,0.26335108
2458,0.2678817
2459,0.3381917
2460,0.2348652
2461,0.2192704
2462,0.22439678
2463,0.13162145
2464,0.14360201
2465,0.15726197
2466,3.501928
2467,2.9083736
2468,2.1923752
2469,2.8771653
2470,2.301244
2471,1.7536337
2472,1.1531432
2473,1.0618119
2474,1.0101961
2475,1.3052323
2476,1.2999475
2477,1.132277
2478,0.6202013
2479,0.5667497
2480,0.43152332
2481,0.42710963
2482,0.41292167
2483,0.36424696
2484,0.11376351
2485,0.11236331
2486,0.10874075
2487,0.0869067
2488,0.080932915
2489,0.07739663
2490,0.059031367
2491,0.062245846
2492,0.06672931
2493,0.55196065
2494,0.48830587
2495,0.36535972
2496,0.5653337
2497,0.5141606
2498,0.36736298
2499,0.39205158
2500,0.30517998
2501,0.21144612
2502,0.26827908
2503,0.23322442
2504,0.20073247
2505,0.17937635
2506,0.16113004
2507,0.121804714
2508,0.14823794
2509,0.12996542
2510,0.10965416
2511,0.09104073
2512,0.09418213
2513,0.09468308
2514,0.058234572
2515,0.041838944
2516,0.03882402
2517,0.04490012
2518,0.04103297
2519,0.03580302
2520,0.49403998
2521,0.3581592
2522,0.24372467
2523,0.4656867
2524,0.32174736
2525,0.22567496
2526,0.36107016
2527,0.25129238
2528,0.17568676
2529,0.3081944
2530,0.22476912
2531,0.1556924
2532,0.13524836
2533,0.09890738
2534,0.096862316
2535,0.1340082
2536,0.10656431
2537,0.04907477
2538,0.18943736
2539,0.19428095
2540,0.22379726
2541,0.16070609
2542,0.16245908
2543,0.16659087
2544,0.11724803
2545,0.12342705
2546,0.12860265
2547,0.8068029
2548,0.8053826
2549,0.79312813
2550,0.8070098
2551,0.8183043
2552,0.81481946
2553,0.45047027
2554,0.457988
2555,0.46166545
2556,0.4621332
2557,0.4467123
2558,0.4223794
2559,0.359783
2560,0.27458206
2561,0.20185813
2562,0.16078806
2563,0.16306314
2564,0.16475013
2565,0.24944586
2566,0.22145621
2567,0.18260601
2568,0.19708957
2569,0.16199629
2570,0.16326186
2571,0.12096208
2572,0.12344171
2573,0.12406032
2574,2.515879
2575,0.9763012
2576,0.6029782
2577,2.9536908
2578,0.87030745
2579,0.56749994
2580,1.0813344
2581,0.64389277
2582,0.48992193
2583,1.2764707
2584,0.522862
2585,0.31624192
2586,0.17824474
2587,0.16621903
2588,0.158457
2589,0.39612353
2590,0.23578385
2591,0.1393455
2592,0.08257076
2593,0.08053595
2594,0.08369112
2595,0.07118964
2596,0.0749903
2597,0.07756701
2598,0.059458256
2599,0.06510165
2600,0.071368635
2601,0.43300867
2602,0.40178767
2603,0.36512503
2604,0.3574648
2605,0.328529
2606,0.30269393
2607,0.27802852
2608,0.25813445
2609,0.25040215
2610,0.20199129
2611,0.18754663
2612,0.17991327
2613,0.1541123
2614,0.13299504
2615,0.11345291
2616,0.11755045
2617,0.110884786
2618,0.1058456
2619,0.15488252
2620,0.1587522
2621,0.121828705
2622,0.12130678
2623,0.13794407
2624,0.11000013
2625,0.09193635
2626,0.10312852
2627,0.099274755
2628,0.9718972
2629,0.8586862
2630,0.46274632
2631,0.9030423
2632,0.77676857
2633,0.4249884
2634,0.7894907
2635,0.6176546
2636,0.35435325
2637,0.48022214
2638,0.4574725
2639,0.25733316
2640,0.19160154
2641,0.18134838
2642,0.17181745
2643,0.29589728
2644,0.2867784
2645,0.18218775
2646,0.058365792
2647,0.05394718
2648,0.03510797
2649,0.050873995
2650,0.050126493
2651,0.036340237
2652,0.044275463
2653,0.0479514
2654,0.036239803
2655,0.51313055
2656,0.3131848
2657,0.17404059
2658,0.42606062
2659,0.2985994
2660,0.16994113
2661,0.37647796
2662,0.2933061
2663,0.17185062
2664,0.27627912
2665,0.18182783
2666,0.123515055
2667,0.061687738
2668,0.05884102
2669,0.056497395
2670,0.12318835
2671,0.08449674
2672,0.010912895
2673,0.16133194
2674,0.13219042
2675,0.13191389
2676,0.1621511
2677,0.12278387
2678,0.10591552
2679,0.081673324
2680,0.08511859
2681,0.07990855
2682,0.90033716
2683,0.45498142
2684,0.35764414
2685,1.564528
2686,0.76009256
2687,0.4945108
2688,0.6214763
2689,0.42389837
2690,0.3090155
2691,0.32375565
2692,0.24218519
2693,0.19608244
2694,0.15690598
2695,0.16258845
2696,0.13811645
2697,0.22850694
2698,0.1855241
2699,0.12379497
2700,0.0695717
2701,0.055322886
2702,0.036935657
2703,0.061742127
2704,0.046538055
2705,0.03227204
2706,0.052194
2707,0.041031033
2708,0.030074388
2709,0.38062656
2710,0.26825592
2711,0.13923036
2712,0.35227746
2713,0.23470825
2714,0.12460895
2715,0.30838758
2716,0.21613553
2717,0.113579184
2718,0.26610392
2719,0.21959051
2720,0.11564715
2721,0.09513724
2722,0.0855917
2723,0.07275504
2724,0.15344219
2725,0.11459702
2726,0.043783218
2727,0.122871
2728,0.13053511
2729,0.12588386
2730,0.109619975
2731,0.12762207
2732,0.1232419
2733,0.103102565
2734,0.12558672
2735,0.12234484
2736,0.8299181
2737,0.648527
2738,0.27266115
2739,0.75799614
2740,0.5558742
2741,0.250361
2742,0.66625416
2743,0.47446823
2744,0.23375571
2745,0.45766687
2746,0.37408036
2747,0.1830682
2748,0.12128578
2749,0.11663088
2750,0.11100125
2751,0.18500964
2752,0.17359847
2753,0.10517919
2754,0.13069263
2755,0.12680286
2756,0.12809138
2757,0.107342094
2758,0.10283783
2759,0.10522881
2760,0.089300334
2761,0.085941136
2762,0.08313608
2763,0.8870174
2764,0.7700449
2765,0.718848
2766,0.6482613
2767,0.5627974
2768,0.5281246
2769,0.47185335
2770,0.38508284
2771,0.36280262
2772,0.4046202
2773,0.37342015
2774,0.32009283
2775,0.27676323
2776,0.24022278
2777,0.18494362
2778,0.2206114
2779,0.21876015
2780,0.2082475
2781,0.10862833
2782,0.102412134
2783,0.09028083
2784,0.09775743
2785,0.090851605
2786,0.08137274
2787,0.085739285
2788,0.07909611
2789,0.072894484
2790,0.7896733
2791,0.66143143
2792,0.4203201
2793,0.725253
2794,0.5985191
2795,0.36886257
2796,0.61360496
2797,0.50278974
2798,0.2862532
2799,0.4190637
2800,0.3692884
2801,0.23512349
2802,0.16622448
2803,0.15991119
2804,0.15150176
2805,0.19370267
2806,0.18610993
2807,0.14284308
2808,0.10314691
2809,0.11438048
2810,0.111077994
2811,0.07990056
2812,0.08890319
2813,0.09586263
2814,0.06701878
2815,0.07714492
2816,0.0835295
2817,0.57593876
2818,0.49714476
2819,0.3446318
2820,0.48497185
2821,0.38300765
2822,0.24775265
2823,0.35941193
2824,0.28565532
2825,0.20607337
2826,0.3421989
2827,0.28199223
2828,0.18879089
2829,0.15846744
2830,0.13584086
2831,0.114589304
2832,0.14359641
2833,0.12675503
2834,0.10194728
2835,0.11033866
2836,0.10952219
2837,0.11833738
2838,0.10007051
2839,0.099826604
2840,0.106191546
2841,0.08705753
2842,0.08731598
2843,0.08849713
2844,0.44779646
2845,0.44480303
2846,0.43811682
2847,0.37184125
2848,0.361944
2849,0.35233352
2850,0.32360932
2851,0.3128921
2852,0.3046552
2853,0.31841072
2854,0.3165873
2855,0.30991134
2856,0.24142915
2857,0.19545268
2858,0.17163724
2859,0.1700066
2860,0.16562316
2861,0.159724
2862,0.15692975
2863,0.15960334
2864,0.16038479
2865,0.10921115
2866,0.11328521
2867,0.1106658
2868,0.07044688
2869,0.08280671
2870,0.07734692
2871,1.7112374
2872,1.0856678
2873,0.56440926
2874,1.3039005
2875,0.7015005
2876,0.5058464
2877,0.7148468
2878,0.4220053
2879,0.34908032
2880,0.67793596
2881,0.51317644
2882,0.28759736
2883,0.16538659
2884,0.14086828
2885,0.109357715
2886,0.17155537
2887,0.1512024
2888,0.10384989
2889,0.06779322
2890,0.06882548
2891,0.06728673
2892,0.06153643
2893,0.0628376
2894,0.06430271
2895,0.05375412
2896,0.06007862
2897,0.060605407
2898,0.44136667
2899,0.40340877
2900,0.31964338
2901,0.39844298
2902,0.3631676
2903,0.29243737
2904,0.35644683
2905,0.331291
2906,0.2798024
2907,0.23989949
2908,0.23479064
2909,0.21524009
2910,0.13670526
2911,0.1369896
2912,0.13355593
2913,0.080270946
2914,0.071236074
2915,0.05557996
2916,0.079871744
2917,0.07646048
2918,0.059176534
2919,0.034000814
2920,0.04042986
2921,0.03847277
2922,0.015270144
2923,0.022782624
2924,0.02090916
2925,0.44770586
2926,0.4170531
2927,0.28273422
2928,0.35047138
2929,0.28732324
2930,0.19307354
2931,0.20609388
2932,0.17695951
2933,0.14370167
2934,0.2706263
2935,0.26071504
2936,0.2021415
2937,0.124290615
2938,0.08564642
2939,0.041895747
2940,0.07335639
2941,0.058457553
2942,0.018009752
2943,0.1505107
2944,0.14977622
2945,0.14468902
2946,0.10026473
2947,0.102544844
2948,0.104044855
2949,0.070584744
2950,0.07241577
2951,0.07399106
2952,0.8691987
2953,0.823184
2954,0.7415508
2955,1.6340013
2956,1.3080044
2957,1.0735319
2958,0.5470967
2959,0.49907073
2960,0.44657776
2961,0.4016969
2962,0.37411305
2963,0.3570955
2964,0.21521588
2965,0.27894294
2966,0.18231547
2967,0.17290264
2968,0.16972485
2969,0.16656041
2970,0.30608287
2971,0.24942346
2972,0.26646107
2973,0.28679428
2974,0.22922191
2975,0.22175917
2976,0.18840171
2977,0.19198771
2978,0.19223547
2979,4.7232924
2980,2.5232823
2981,1.1681197
2982,4.5757213
2983,2.3163998
2984,1.0586908
2985,2.493963
2986,1.5719092
2987,0.90358096
2988,1.6889436
2989,1.2087765
2990,0.67173374
2991,0.41641733
2992,0.376137
2993,0.3226031
2994,0.4971799
2995,0.41611576
2996,0.28695726
2997,0.16087948
2998,0.16215435
2999,0.20074143
3000,0.119424224
3001,0.12066412
3002,0.12095529
3003,0.09661418
3004,0.10155615
3005,0.10746902
3006,1.230546
3007,1.1758041
3008,1.0957911
3009,0.7448772
3010,0.6954011
3011,0.6258319
3012,0.39078814
3013,0.3854354
3014,0.3833172
3015,0.77094996
3016,0.75984365
3017,0.7232973
3018,0.5064444
3019,0.24385005
3020,0.21219122
3021,0.12729973
3022,0.12215039
3023,0.11730252
3024,0.1972969
3025,0.20364442
3026,0.23633489
3027,0.18881097
3028,0.1924846
3029,0.20250253
3030,0.17749801
3031,0.18097721
3032,0.19122867
3033,1.4205148
3034,1.3957946
3035,1.2404168
3036,1.287915
3037,1.2743609
3038,1.1810298
3039,1.2226253
3040,1.2013216
3041,1.1135235
3042,0.78816897
3043,0.79603994
3044,0.76282704
3045,0.48296553
3046,0.44383052
3047,0.41231033
3048,0.4128664
3049,0.4225807
3050,0.39524397
3051,0.19735047
3052,0.1696095
3053,0.11648849
3054,0.1840887
3055,0.1570876
3056,0.10796994
3057,0.16806152
3058,0.15072812
3059,0.09897685
3060,1.48979
3061,0.6378169
3062,0.32060057
3063,1.3029985
3064,0.62868094
3065,0.31040078
3066,1.2443796
3067,0.6217346
3068,0.30368358
3069,1.1624336
3070,0.51672363
3071,0.2420082
3072,0.12726687
3073,0.124982476
3074,0.12305397
3075,0.3621002
3076,0.20689282
3077,0.108797014
3078,0.15015826
3079,0.18676645
3080,0.14261007
3081,0.14329079
3082,0.16841714
3083,0.12175386
3084,0.08785832
3085,0.1011256
3086,0.090037465
3087,1.124563
3088,0.7662345
3089,0.41480383
3090,1.4376612
3091,0.9179139
3092,0.40329626
3093,0.8077202
3094,0.55985266
3095,0.323915
3096,0.5025207
3097,0.43321705
3098,0.2815977
3099,0.17488116
3100,0.15997964
3101,0.12583418
3102,0.20507854
3103,0.18973866
3104,0.12185489
3105,0.19264567
3106,0.20621201
3107,0.23916815
3108,0.17112315
3109,0.17977668
3110,0.18924654
3111,0.14311157
3112,0.15804958
3113,0.17272916
3114,1.292409
3115,1.3118728
3116,1.2510195
3117,1.0285623
3118,1.0430338
3119,1.0302043
3120,0.7983097
3121,0.84121263
3122,0.82580227
3123,0.73648447
3124,0.72648704
3125,0.7001916
3126,0.5062764
3127,0.43408877
3128,0.34044456
3129,0.3085118
3130,0.31872052
3131,0.32612422
3132,0.08790094
3133,0.07101077
3134,0.0856387
3135,0.066165805
3136,0.06605789
3137,0.06445983
3138,0.056683153
3139,0.059948415
3140,0.05548227
3141,0.41724545
3142,0.3290856
3143,0.20662089
3144,0.89432853
3145,0.52480954
3146,0.29116195
3147,0.48508382
3148,0.3161643
3149,0.1805763
3150,0.20510074
3151,0.16749184
3152,0.14845875
3153,0.099995166
3154,0.12670663
3155,0.09798592
3156,0.15628456
3157,0.13492748
3158,0.10144031
3159,0.22181249
3160,0.20921564
3161,0.20509037
3162,0.2051917
3163,0.20481375
3164,0.20003864
3165,0.15687287
3166,0.15401796
3167,0.15869772
3168,1.9268472
3169,1.5268118
3170,1.3367441
3171,3.2934878
3172,2.6836073
3173,2.431417
3174,1.1999142
3175,1.1210922
3176,1.0322303
3177,0.5464004
3178,0.5057242
3179,0.46005648
3180,0.370044
3181,0.4035984
3182,0.3158657
3183,0.2837398
3184,0.27771342
3185,0.26190826
3186,0.08166486
3187,0.08882582
3188,0.08909255
3189,0.050346375
3190,0.052323133
3191,0.054806143
3192,0.024447054
3193,0.032942057
3194,0.033908546
3195,0.3773205
3196,0.3216015
3197,0.23388068
3198,0.4010588
3199,0.27703607
3200,0.24015054
3201,0.2990189
3202,0.21671075
